Model,Accuracy,F1_Score,Precision,Recall,TOPSIS_Score,Rank
bert-base-uncased,0.85,0.89,0.88,0.87,0.5204036902624534,5.0
distilbert-base-uncased,0.88,0.91,0.89,0.9,0.8406734459716411,1.0
gpt2,0.82,0.87,0.85,0.84,0.2059700883553275,6.0
roberta-base,0.87,0.9,0.88,0.89,0.7107121845559571,2.0
t5-base,0.89,0.92,0.91,0.8,0.5868643160477269,3.0
electra-base,0.86,0.89,0.87,0.88,0.579376852740679,4.0
